#No.,Time,Source,Destination,Protocol,Length,Info
1,0,192.168.1.250,2.19.153.188,TCP,55,4475  >  443 [ACK] Seq=1 Ack=1 Win=512 Len=1 [TCP segment of a reassembled PDU]
2,0.012394,2.19.153.188,192.168.1.250,TCP,66,443  >  4475 [ACK] Seq=1 Ack=2 Win=305 Len=0 SLE=1 SRE=2
3,0.75283,192.168.1.254,192.168.1.250,SSDP,429,HTTP/1.1 200 OK 
4,0.843929,192.168.1.250,239.255.255.250,SSDP,143,M-SEARCH * HTTP/1.1 
5,1.013643,192.168.1.250,2.19.153.188,TCP,55,[TCP Keep-Alive] 4475  >  443 [ACK] Seq=1 Ack=1 Win=512 Len=1
6,1.027406,2.19.153.188,192.168.1.250,TCP,66,[TCP Keep-Alive ACK] 443  >  4475 [ACK] Seq=1 Ack=2 Win=305 Len=0 SLE=1 SRE=2
7,1.086598,192.168.1.250,40.67.254.36,TCP,55,3394  >  443 [ACK] Seq=1 Ack=1 Win=513 Len=1 [TCP segment of a reassembled PDU]
8,1.108174,40.67.254.36,192.168.1.250,TCP,66,443  >  3394 [ACK] Seq=1 Ack=2 Win=8093 Len=0 SLE=1 SRE=2
9,1.882403,192.168.1.254,192.168.1.250,UDP,316,48223  >  60830 Len=274
10,1.882403,192.168.1.254,192.168.1.250,UDP,316,48223  >  60830 Len=274
11,1.882403,192.168.1.254,192.168.1.250,UDP,325,48223  >  60830 Len=283
12,1.882403,192.168.1.254,192.168.1.250,UDP,325,48223  >  60830 Len=283
13,1.882403,192.168.1.254,192.168.1.250,UDP,380,48223  >  60830 Len=338
14,1.888169,192.168.1.254,192.168.1.250,UDP,380,48223  >  60830 Len=338
15,1.888169,192.168.1.254,192.168.1.250,UDP,390,48223  >  60830 Len=348
16,1.888169,192.168.1.254,192.168.1.250,UDP,390,48223  >  60830 Len=348
17,2.028693,192.168.1.250,2.19.153.188,TCP,55,[TCP Keep-Alive] 4475  >  443 [ACK] Seq=1 Ack=1 Win=512 Len=1
18,2.041663,2.19.153.188,192.168.1.250,TCP,66,[TCP Keep-Alive ACK] 443  >  4475 [ACK] Seq=1 Ack=2 Win=305 Len=0 SLE=1 SRE=2
19,2.128038,192.168.1.250,81.150.22.186,HTTP,259,GET /cdhlsz2skysportsmainevent/1301/05.m3u8 HTTP/1.1 
20,2.172834,81.150.22.186,192.168.1.250,HTTP,900,HTTP/1.1 200 OK  (application/x-mpegurl)
21,2.213481,192.168.1.250,81.150.22.186,TCP,54,4514  >  80 [ACK] Seq=206 Ack=847 Win=2061 Len=0
22,2.745404,192.168.1.250,199.127.194.93,TLSv1.2,519,Application Data
23,2.745479,192.168.1.250,199.127.194.93,TLSv1.2,1190,Application Data
24,2.836752,199.127.194.93,192.168.1.250,TCP,54,443  >  4493 [ACK] Seq=1 Ack=466 Win=21485 Len=0
25,2.848195,199.127.194.93,192.168.1.250,TCP,54,443  >  4493 [ACK] Seq=1 Ack=1602 Win=22621 Len=0
26,2.850895,199.127.194.93,192.168.1.250,TLSv1.2,573,Application Data
27,2.891211,192.168.1.250,199.127.194.93,TCP,54,4493  >  443 [ACK] Seq=1602 Ack=520 Win=64303 Len=0
28,3.043081,192.168.1.250,2.19.153.188,TCP,55,[TCP Keep-Alive] 4475  >  443 [ACK] Seq=1 Ack=1 Win=512 Len=1
29,3.056131,2.19.153.188,192.168.1.250,TCP,66,[TCP Keep-Alive ACK] 443  >  4475 [ACK] Seq=1 Ack=2 Win=305 Len=0 SLE=1 SRE=2
30,3.270616,192.168.1.254,192.168.1.250,SSDP,429,HTTP/1.1 200 OK 
31,3.474938,3.9.202.243,192.168.1.250,TLSv1.2,92,Application Data
32,3.515769,192.168.1.250,3.9.202.243,TCP,54,4454  >  443 [ACK] Seq=1 Ack=39 Win=511 Len=0
33,3.844719,192.168.1.250,239.255.255.250,SSDP,143,M-SEARCH * HTTP/1.1 
34,3.847042,192.168.1.254,192.168.1.250,UDP,316,48223  >  60830 Len=274
35,3.848029,192.168.1.254,192.168.1.250,UDP,316,48223  >  60830 Len=274
36,3.848029,192.168.1.254,192.168.1.250,UDP,325,48223  >  60830 Len=283
37,3.849848,192.168.1.254,192.168.1.250,UDP,325,48223  >  60830 Len=283
38,3.849848,192.168.1.254,192.168.1.250,UDP,380,48223  >  60830 Len=338
39,3.849848,192.168.1.254,192.168.1.250,UDP,380,48223  >  60830 Len=338
40,3.849848,192.168.1.254,192.168.1.250,UDP,390,48223  >  60830 Len=348
41,3.849848,192.168.1.254,192.168.1.250,UDP,390,48223  >  60830 Len=348
42,4.055567,192.168.1.250,2.19.153.188,TCP,55,[TCP Keep-Alive] 4475  >  443 [ACK] Seq=1 Ack=1 Win=512 Len=1
43,4.091409,2.19.153.188,192.168.1.250,TCP,66,[TCP Keep-Alive ACK] 443  >  4475 [ACK] Seq=1 Ack=2 Win=305 Len=0 SLE=1 SRE=2
44,4.657502,192.168.1.254,192.168.1.250,SSDP,429,HTTP/1.1 200 OK 
45,5.093675,192.168.1.250,2.19.153.188,TCP,55,[TCP Keep-Alive] 4475  >  443 [ACK] Seq=1 Ack=1 Win=512 Len=1
46,5.107044,2.19.153.188,192.168.1.250,TCP,66,[TCP Keep-Alive ACK] 443  >  4475 [ACK] Seq=1 Ack=2 Win=305 Len=0 SLE=1 SRE=2
47,6.108328,192.168.1.250,2.19.153.188,TCP,55,[TCP Keep-Alive] 4475  >  443 [ACK] Seq=1 Ack=1 Win=512 Len=1
48,6.112635,192.168.1.250,40.67.251.132,TLSv1.2,96,Application Data
49,6.121417,2.19.153.188,192.168.1.250,TCP,66,[TCP Keep-Alive ACK] 443  >  4475 [ACK] Seq=1 Ack=2 Win=305 Len=0 SLE=1 SRE=2
50,6.134274,40.67.251.132,192.168.1.250,TLSv1.2,227,Application Data
51,6.174352,192.168.1.250,40.67.251.132,TCP,54,4397  >  443 [ACK] Seq=43 Ack=174 Win=513 Len=0
52,7.123038,192.168.1.250,2.19.153.188,TCP,55,[TCP Keep-Alive] 4475  >  443 [ACK] Seq=1 Ack=1 Win=512 Len=1
53,7.136624,2.19.153.188,192.168.1.250,TCP,66,[TCP Keep-Alive ACK] 443  >  4475 [ACK] Seq=1 Ack=2 Win=305 Len=0 SLE=1 SRE=2
54,7.494591,192.168.1.250,81.150.22.186,HTTP,259,GET /cdhlsz2skysportsmainevent/1301/05.m3u8 HTTP/1.1 
55,7.514579,81.150.22.186,192.168.1.250,HTTP,900,HTTP/1.1 200 OK  (application/x-mpegurl)
56,7.51914,192.168.1.250,81.150.22.186,HTTP,258,GET /cdhlsz2skysportsmainevent/1301/20200909T054913-05-1067618.ts HTTP/1.1 
57,7.519209,192.168.1.250,81.150.22.186,HTTP,259,GET /cdhlsz2skysportsmainevent/1301/08.m3u8 HTTP/1.1 
58,7.537878,81.150.22.186,192.168.1.250,TCP,1506,80  >  4514 [ACK] Seq=1693 Ack=615 Win=756 Len=1452 [TCP segment of a reassembled PDU]
59,7.539949,81.150.22.186,192.168.1.250,TCP,1506,80  >  4514 [ACK] Seq=3145 Ack=615 Win=756 Len=1452 [TCP segment of a reassembled PDU]
60,7.539989,192.168.1.250,81.150.22.186,TCP,54,4514  >  80 [ACK] Seq=615 Ack=4597 Win=2064 Len=0
61,7.540848,81.150.22.186,192.168.1.250,HTTP,898,HTTP/1.1 200 OK  (application/x-mpegurl)
62,7.542494,81.150.22.186,192.168.1.250,TCP,1506,80  >  4514 [ACK] Seq=4597 Ack=615 Win=756 Len=1452 [TCP segment of a reassembled PDU]
63,7.544492,81.150.22.186,192.168.1.250,TCP,1506,80  >  4514 [ACK] Seq=6049 Ack=615 Win=756 Len=1452 [TCP segment of a reassembled PDU]
64,7.544592,192.168.1.250,81.150.22.186,TCP,54,4514  >  80 [ACK] Seq=615 Ack=7501 Win=2064 Len=0
65,7.545824,192.168.1.250,81.150.22.186,HTTP,258,GET /cdhlsz2skysportsmainevent/1301/20200909T054913-08-1067618.ts HTTP/1.1 
66,7.546785,81.150.22.186,192.168.1.250,TCP,1506,80  >  4514 [ACK] Seq=7501 Ack=615 Win=756 Len=1452 [TCP segment of a reassembled PDU]
67,7.548155,81.150.22.186,192.168.1.250,TCP,1506,80  >  4514 [ACK] Seq=8953 Ack=615 Win=756 Len=1452 [TCP segment of a reassembled PDU]
68,7.548187,192.168.1.250,81.150.22.186,TCP,54,4514  >  80 [ACK] Seq=615 Ack=10405 Win=2064 Len=0
69,7.556479,81.150.22.186,192.168.1.250,TCP,1506,80  >  4514 [ACK] Seq=10405 Ack=615 Win=756 Len=1452 [TCP segment of a reassembled PDU]
70,7.557376,81.150.22.186,192.168.1.250,TCP,1506,80  >  4514 [ACK] Seq=11857 Ack=615 Win=756 Len=1452 [TCP segment of a reassembled PDU]
71,7.557376,81.150.22.186,192.168.1.250,TCP,1506,80  >  4514 [ACK] Seq=13309 Ack=615 Win=756 Len=1452 [TCP segment of a reassembled PDU]
72,7.557376,81.150.22.186,192.168.1.250,TCP,1506,80  >  4514 [ACK] Seq=14761 Ack=615 Win=756 Len=1452 [TCP segment of a reassembled PDU]
73,7.557376,81.150.22.186,192.168.1.250,TCP,1506,80  >  4514 [ACK] Seq=16213 Ack=615 Win=756 Len=1452 [TCP segment of a reassembled PDU]
74,7.557428,192.168.1.250,81.150.22.186,TCP,54,4514  >  80 [ACK] Seq=615 Ack=17665 Win=2064 Len=0
75,7.55781,81.150.22.186,192.168.1.250,TCP,1506,80  >  4514 [ACK] Seq=17665 Ack=615 Win=756 Len=1452 [TCP segment of a reassembled PDU]
76,7.557835,192.168.1.250,81.150.22.186,TCP,54,4514  >  80 [ACK] Seq=615 Ack=19117 Win=2064 Len=0
77,7.560233,81.150.22.186,192.168.1.250,TCP,1506,80  >  4514 [ACK] Seq=19117 Ack=615 Win=756 Len=1452 [TCP segment of a reassembled PDU]
78,7.56224,81.150.22.186,192.168.1.250,TCP,1506,80  >  4514 [ACK] Seq=20569 Ack=615 Win=756 Len=1452 [TCP segment of a reassembled PDU]
79,7.562261,192.168.1.250,81.150.22.186,TCP,54,4514  >  80 [ACK] Seq=615 Ack=22021 Win=2064 Len=0
80,7.564726,81.150.22.186,192.168.1.250,TCP,1506,80  >  4514 [ACK] Seq=22021 Ack=615 Win=756 Len=1452 [TCP segment of a reassembled PDU]
81,7.566938,81.150.22.186,192.168.1.250,TCP,1506,80  >  4514 [ACK] Seq=23473 Ack=615 Win=756 Len=1452 [TCP segment of a reassembled PDU]
82,7.566938,81.150.22.186,192.168.1.250,TCP,1506,80  >  4518 [ACK] Seq=845 Ack=410 Win=488 Len=1452 [TCP segment of a reassembled PDU]
83,7.566974,192.168.1.250,81.150.22.186,TCP,54,4514  >  80 [ACK] Seq=615 Ack=24925 Win=2064 Len=0
84,7.571243,81.150.22.186,192.168.1.250,TCP,1506,80  >  4518 [ACK] Seq=2297 Ack=410 Win=488 Len=1452 [TCP segment of a reassembled PDU]
85,7.571243,81.150.22.186,192.168.1.250,TCP,1506,80  >  4514 [ACK] Seq=24925 Ack=615 Win=756 Len=1452 [TCP segment of a reassembled PDU]
86,7.571313,192.168.1.250,81.150.22.186,TCP,54,4518  >  80 [ACK] Seq=410 Ack=3749 Win=1032 Len=0
87,7.574789,81.150.22.186,192.168.1.250,TCP,1506,80  >  4514 [ACK] Seq=26377 Ack=615 Win=756 Len=1452 [TCP segment of a reassembled PDU]
88,7.574789,81.150.22.186,192.168.1.250,TCP,1506,80  >  4518 [ACK] Seq=3749 Ack=410 Win=488 Len=1452 [TCP segment of a reassembled PDU]
89,7.574823,192.168.1.250,81.150.22.186,TCP,54,4514  >  80 [ACK] Seq=615 Ack=27829 Win=2064 Len=0
90,7.575767,81.150.22.186,192.168.1.250,TCP,1506,80  >  4518 [ACK] Seq=5201 Ack=410 Win=488 Len=1452 [TCP segment of a reassembled PDU]
91,7.575793,192.168.1.250,81.150.22.186,TCP,54,4518  >  80 [ACK] Seq=410 Ack=6653 Win=1032 Len=0
92,7.579248,81.150.22.186,192.168.1.250,TCP,1506,80  >  4514 [ACK] Seq=27829 Ack=615 Win=756 Len=1452 [TCP segment of a reassembled PDU]
93,7.580774,81.150.22.186,192.168.1.250,TCP,1506,80  >  4514 [ACK] Seq=29281 Ack=615 Win=756 Len=1452 [TCP segment of a reassembled PDU]
94,7.580806,192.168.1.250,81.150.22.186,TCP,54,4514  >  80 [ACK] Seq=615 Ack=30733 Win=2064 Len=0
95,7.582978,81.150.22.186,192.168.1.250,TCP,1506,80  >  4514 [ACK] Seq=30733 Ack=615 Win=756 Len=1452 [TCP segment of a reassembled PDU]
96,7.585008,81.150.22.186,192.168.1.250,TCP,1506,80  >  4514 [ACK] Seq=32185 Ack=615 Win=756 Len=1452 [TCP segment of a reassembled PDU]
97,7.585041,192.168.1.250,81.150.22.186,TCP,54,4514  >  80 [ACK] Seq=615 Ack=33637 Win=2064 Len=0
98,7.587944,81.150.22.186,192.168.1.250,TCP,1506,80  >  4514 [ACK] Seq=33637 Ack=615 Win=756 Len=1452 [TCP segment of a reassembled PDU]
99,7.588264,81.150.22.186,192.168.1.250,TCP,1506,80  >  4514 [ACK] Seq=35089 Ack=615 Win=756 Len=1452 [TCP segment of a reassembled PDU]
100,7.588284,192.168.1.250,81.150.22.186,TCP,54,4514  >  80 [ACK] Seq=615 Ack=36541 Win=2064 Len=0
101,7.596122,81.150.22.186,192.168.1.250,TCP,1506,80  >  4518 [ACK] Seq=6653 Ack=410 Win=488 Len=1452 [TCP segment of a reassembled PDU]
102,7.597965,81.150.22.186,192.168.1.250,TCP,1506,80  >  4518 [ACK] Seq=8105 Ack=410 Win=488 Len=1452 [TCP segment of a reassembled PDU]
103,7.597965,81.150.22.186,192.168.1.250,TCP,1506,80  >  4514 [ACK] Seq=36541 Ack=615 Win=756 Len=1452 [TCP segment of a reassembled PDU]
104,7.597965,81.150.22.186,192.168.1.250,TCP,1506,80  >  4514 [ACK] Seq=37993 Ack=615 Win=756 Len=1452 [TCP segment of a reassembled PDU]
105,7.597965,81.150.22.186,192.168.1.250,TCP,1506,80  >  4514 [ACK] Seq=39445 Ack=615 Win=756 Len=1452 [TCP segment of a reassembled PDU]
106,7.598034,192.168.1.250,81.150.22.186,TCP,54,4518  >  80 [ACK] Seq=410 Ack=9557 Win=1032 Len=0
107,7.598083,192.168.1.250,81.150.22.186,TCP,54,4514  >  80 [ACK] Seq=615 Ack=40897 Win=2064 Len=0
108,7.601619,81.150.22.186,192.168.1.250,TCP,1506,80  >  4514 [ACK] Seq=40897 Ack=615 Win=756 Len=1452 [TCP segment of a reassembled PDU]
109,7.601619,81.150.22.186,192.168.1.250,TCP,1506,80  >  4514 [ACK] Seq=42349 Ack=615 Win=756 Len=1452 [TCP segment of a reassembled PDU]
110,7.601619,81.150.22.186,192.168.1.250,TCP,1506,80  >  4514 [ACK] Seq=43801 Ack=615 Win=756 Len=1452 [TCP segment of a reassembled PDU]
111,7.601685,192.168.1.250,81.150.22.186,TCP,54,4514  >  80 [ACK] Seq=615 Ack=45253 Win=2064 Len=0
112,7.605559,81.150.22.186,192.168.1.250,TCP,1506,80  >  4518 [ACK] Seq=9557 Ack=410 Win=488 Len=1452 [TCP segment of a reassembled PDU]
113,7.605559,81.150.22.186,192.168.1.250,TCP,1506,80  >  4518 [ACK] Seq=11009 Ack=410 Win=488 Len=1452 [TCP segment of a reassembled PDU]
114,7.605609,192.168.1.250,81.150.22.186,TCP,54,4518  >  80 [ACK] Seq=410 Ack=12461 Win=1032 Len=0
115,7.607862,81.150.22.186,192.168.1.250,TCP,1506,80  >  4514 [ACK] Seq=45253 Ack=615 Win=756 Len=1452 [TCP segment of a reassembled PDU]
116,7.608193,81.150.22.186,192.168.1.250,TCP,1506,80  >  4514 [ACK] Seq=46705 Ack=615 Win=756 Len=1452 [TCP segment of a reassembled PDU]
117,7.60822,192.168.1.250,81.150.22.186,TCP,54,4514  >  80 [ACK] Seq=615 Ack=48157 Win=2064 Len=0
118,7.60922,81.150.22.186,192.168.1.250,TCP,1506,80  >  4514 [ACK] Seq=48157 Ack=615 Win=756 Len=1452 [TCP segment of a reassembled PDU]
119,7.611396,81.150.22.186,192.168.1.250,TCP,1506,80  >  4514 [ACK] Seq=49609 Ack=615 Win=756 Len=1452 [TCP segment of a reassembled PDU]
120,7.611414,192.168.1.250,81.150.22.186,TCP,54,4514  >  80 [ACK] Seq=615 Ack=51061 Win=2064 Len=0
121,7.614713,81.150.22.186,192.168.1.250,TCP,1506,80  >  4514 [ACK] Seq=51061 Ack=615 Win=756 Len=1452 [TCP segment of a reassembled PDU]
122,7.614713,81.150.22.186,192.168.1.250,TCP,1506,80  >  4514 [ACK] Seq=52513 Ack=615 Win=756 Len=1452 [TCP segment of a reassembled PDU]
123,7.614754,192.168.1.250,81.150.22.186,TCP,54,4514  >  80 [ACK] Seq=615 Ack=53965 Win=2064 Len=0
124,7.615791,81.150.22.186,192.168.1.250,TCP,1506,80  >  4518 [ACK] Seq=12461 Ack=410 Win=488 Len=1452 [TCP segment of a reassembled PDU]
125,7.619464,81.150.22.186,192.168.1.250,TCP,1506,80  >  4518 [ACK] Seq=13913 Ack=410 Win=488 Len=1452 [TCP segment of a reassembled PDU]
126,7.619493,192.168.1.250,81.150.22.186,TCP,54,4518  >  80 [ACK] Seq=410 Ack=15365 Win=1032 Len=0
127,7.620136,81.150.22.186,192.168.1.250,TCP,1506,80  >  4514 [ACK] Seq=53965 Ack=615 Win=756 Len=1452 [TCP segment of a reassembled PDU]
128,7.62117,81.150.22.186,192.168.1.250,TCP,1506,80  >  4514 [ACK] Seq=55417 Ack=615 Win=756 Len=1452 [TCP segment of a reassembled PDU]
129,7.621196,192.168.1.250,81.150.22.186,TCP,54,4514  >  80 [ACK] Seq=615 Ack=56869 Win=2064 Len=0
130,7.623702,81.150.22.186,192.168.1.250,TCP,1506,80  >  4514 [ACK] Seq=56869 Ack=615 Win=756 Len=1452 [TCP segment of a reassembled PDU]
131,7.625741,81.150.22.186,192.168.1.250,TCP,1506,80  >  4514 [ACK] Seq=58321 Ack=615 Win=756 Len=1452 [TCP segment of a reassembled PDU]
132,7.625781,192.168.1.250,81.150.22.186,TCP,54,4514  >  80 [ACK] Seq=615 Ack=59773 Win=2064 Len=0
133,7.627538,81.150.22.186,192.168.1.250,TCP,1506,80  >  4514 [ACK] Seq=59773 Ack=615 Win=756 Len=1452 [TCP segment of a reassembled PDU]
134,7.628716,81.150.22.186,192.168.1.250,TCP,1506,80  >  4514 [ACK] Seq=61225 Ack=615 Win=756 Len=1452 [TCP segment of a reassembled PDU]
135,7.628748,192.168.1.250,81.150.22.186,TCP,54,4514  >  80 [ACK] Seq=615 Ack=62677 Win=2064 Len=0
136,7.6316,81.150.22.186,192.168.1.250,TCP,1506,80  >  4518 [ACK] Seq=15365 Ack=410 Win=488 Len=1452 [TCP segment of a reassembled PDU]
137,7.632132,81.150.22.186,192.168.1.250,TCP,1506,80  >  4518 [ACK] Seq=16817 Ack=410 Win=488 Len=1452 [TCP segment of a reassembled PDU]
138,7.632152,192.168.1.250,81.150.22.186,TCP,54,4518  >  80 [ACK] Seq=410 Ack=18269 Win=1032 Len=0
139,7.633126,81.150.22.186,192.168.1.250,TCP,1506,80  >  4514 [ACK] Seq=62677 Ack=615 Win=756 Len=1452 [TCP segment of a reassembled PDU]
140,7.636147,81.150.22.186,192.168.1.250,TCP,1506,80  >  4514 [ACK] Seq=64129 Ack=615 Win=756 Len=1452 [TCP segment of a reassembled PDU]
141,7.636183,192.168.1.250,81.150.22.186,TCP,54,4514  >  80 [ACK] Seq=615 Ack=65581 Win=2064 Len=0
142,7.637942,81.150.22.186,192.168.1.250,TCP,1506,80  >  4514 [ACK] Seq=65581 Ack=615 Win=756 Len=1452 [TCP segment of a reassembled PDU]
143,7.638432,81.150.22.186,192.168.1.250,TCP,1506,80  >  4514 [ACK] Seq=67033 Ack=615 Win=756 Len=1452 [TCP segment of a reassembled PDU]
144,7.638471,192.168.1.250,81.150.22.186,TCP,54,4514  >  80 [ACK] Seq=615 Ack=68485 Win=2064 Len=0
145,7.64203,81.150.22.186,192.168.1.250,TCP,1506,80  >  4514 [ACK] Seq=68485 Ack=615 Win=756 Len=1452 [TCP segment of a reassembled PDU]
146,7.643873,81.150.22.186,192.168.1.250,TCP,1506,80  >  4514 [ACK] Seq=69937 Ack=615 Win=756 Len=1452 [TCP segment of a reassembled PDU]
147,7.643873,81.150.22.186,192.168.1.250,TCP,1506,80  >  4514 [ACK] Seq=71389 Ack=615 Win=756 Len=1452 [TCP segment of a reassembled PDU]
148,7.643936,192.168.1.250,81.150.22.186,TCP,54,4514  >  80 [ACK] Seq=615 Ack=72841 Win=2064 Len=0
149,7.646243,81.150.22.186,192.168.1.250,TCP,1506,80  >  4514 [ACK] Seq=72841 Ack=615 Win=756 Len=1452 [TCP segment of a reassembled PDU]
150,7.646294,192.168.1.250,81.150.22.186,TCP,54,4514  >  80 [ACK] Seq=615 Ack=74293 Win=2064 Len=0
151,7.648343,81.150.22.186,192.168.1.250,TCP,1506,80  >  4514 [ACK] Seq=74293 Ack=615 Win=756 Len=1452 [TCP segment of a reassembled PDU]
152,7.649221,81.150.22.186,192.168.1.250,TCP,1506,80  >  4514 [ACK] Seq=75745 Ack=615 Win=756 Len=1452 [TCP segment of a reassembled PDU]
153,7.649251,192.168.1.250,81.150.22.186,TCP,54,4514  >  80 [ACK] Seq=615 Ack=77197 Win=2064 Len=0
154,7.651618,81.150.22.186,192.168.1.250,TCP,1506,80  >  4518 [ACK] Seq=18269 Ack=410 Win=488 Len=1452 [TCP segment of a reassembled PDU]
155,7.655043,81.150.22.186,192.168.1.250,TCP,1506,80  >  4518 [ACK] Seq=19721 Ack=410 Win=488 Len=1452 [TCP segment of a reassembled PDU]
156,7.655072,192.168.1.250,81.150.22.186,TCP,54,4518  >  80 [ACK] Seq=410 Ack=21173 Win=1032 Len=0
157,7.660501,81.150.22.186,192.168.1.250,TCP,1506,80  >  4514 [ACK] Seq=77197 Ack=615 Win=756 Len=1452 [TCP segment of a reassembled PDU]
158,7.660501,81.150.22.186,192.168.1.250,TCP,1506,80  >  4514 [ACK] Seq=78649 Ack=615 Win=756 Len=1452 [TCP segment of a reassembled PDU]
159,7.660501,81.150.22.186,192.168.1.250,TCP,1506,80  >  4514 [ACK] Seq=80101 Ack=615 Win=756 Len=1452 [TCP segment of a reassembled PDU]
160,7.660501,81.150.22.186,192.168.1.250,TCP,1506,80  >  4514 [ACK] Seq=81553 Ack=615 Win=756 Len=1452 [TCP segment of a reassembled PDU]
161,7.660571,192.168.1.250,81.150.22.186,TCP,54,4514  >  80 [ACK] Seq=615 Ack=83005 Win=2064 Len=0
162,7.661019,81.150.22.186,192.168.1.250,TCP,1506,80  >  4514 [ACK] Seq=83005 Ack=615 Win=756 Len=1452 [TCP segment of a reassembled PDU]
163,7.663929,81.150.22.186,192.168.1.250,TCP,1506,80  >  4514 [ACK] Seq=84457 Ack=615 Win=756 Len=1452 [TCP segment of a reassembled PDU]
164,7.664108,192.168.1.250,81.150.22.186,TCP,54,4514  >  80 [ACK] Seq=615 Ack=85909 Win=2064 Len=0
165,7.665165,81.150.22.186,192.168.1.250,TCP,1506,80  >  4518 [ACK] Seq=21173 Ack=410 Win=488 Len=1452 [TCP segment of a reassembled PDU]
166,7.668115,81.150.22.186,192.168.1.250,TCP,1506,80  >  4518 [ACK] Seq=22625 Ack=410 Win=488 Len=1452 [TCP segment of a reassembled PDU]
167,7.668157,192.168.1.250,81.150.22.186,TCP,54,4518  >  80 [ACK] Seq=410 Ack=24077 Win=1032 Len=0
168,7.668322,81.150.22.186,192.168.1.250,TCP,1506,80  >  4514 [ACK] Seq=85909 Ack=615 Win=756 Len=1452 [TCP segment of a reassembled PDU]
169,7.671028,81.150.22.186,192.168.1.250,TCP,1506,80  >  4514 [ACK] Seq=87361 Ack=615 Win=756 Len=1452 [TCP segment of a reassembled PDU]
170,7.671134,192.168.1.250,81.150.22.186,TCP,54,4514  >  80 [ACK] Seq=615 Ack=88813 Win=2064 Len=0
171,7.671955,81.150.22.186,192.168.1.250,TCP,1506,80  >  4514 [ACK] Seq=88813 Ack=615 Win=756 Len=1452 [TCP segment of a reassembled PDU]
172,7.675444,81.150.22.186,192.168.1.250,TCP,1506,80  >  4514 [ACK] Seq=90265 Ack=615 Win=756 Len=1452 [TCP segment of a reassembled PDU]
173,7.675472,192.168.1.250,81.150.22.186,TCP,54,4514  >  80 [ACK] Seq=615 Ack=91717 Win=2064 Len=0
174,7.675622,81.150.22.186,192.168.1.250,TCP,1506,80  >  4518 [ACK] Seq=24077 Ack=410 Win=488 Len=1452 [TCP segment of a reassembled PDU]
175,7.677245,81.150.22.186,192.168.1.250,TCP,1506,80  >  4518 [ACK] Seq=25529 Ack=410 Win=488 Len=1452 [TCP segment of a reassembled PDU]
176,7.677262,192.168.1.250,81.150.22.186,TCP,54,4518  >  80 [ACK] Seq=410 Ack=26981 Win=1032 Len=0
177,7.679387,81.150.22.186,192.168.1.250,TCP,1506,80  >  4514 [ACK] Seq=91717 Ack=615 Win=756 Len=1452 [TCP segment of a reassembled PDU]
178,7.68047,81.150.22.186,192.168.1.250,TCP,1506,80  >  4514 [ACK] Seq=93169 Ack=615 Win=756 Len=1452 [TCP segment of a reassembled PDU]
179,7.680491,192.168.1.250,81.150.22.186,TCP,54,4514  >  80 [ACK] Seq=615 Ack=94621 Win=2064 Len=0
180,7.68289,81.150.22.186,192.168.1.250,TCP,1506,80  >  4514 [ACK] Seq=94621 Ack=615 Win=756 Len=1452 [TCP segment of a reassembled PDU]
181,7.684098,81.150.22.186,192.168.1.250,TCP,1506,80  >  4514 [ACK] Seq=96073 Ack=615 Win=756 Len=1452 [TCP segment of a reassembled PDU]
182,7.684119,192.168.1.250,81.150.22.186,TCP,54,4514  >  80 [ACK] Seq=615 Ack=97525 Win=2064 Len=0
183,7.685935,81.150.22.186,192.168.1.250,TCP,1506,80  >  4514 [ACK] Seq=97525 Ack=615 Win=756 Len=1452 [TCP segment of a reassembled PDU]
184,7.688182,81.150.22.186,192.168.1.250,TCP,1506,80  >  4514 [ACK] Seq=98977 Ack=615 Win=756 Len=1452 [TCP segment of a reassembled PDU]
185,7.688204,192.168.1.250,81.150.22.186,TCP,54,4514  >  80 [ACK] Seq=615 Ack=100429 Win=2064 Len=0
186,7.689323,81.150.22.186,192.168.1.250,TCP,1506,80  >  4518 [ACK] Seq=26981 Ack=410 Win=488 Len=1452 [TCP segment of a reassembled PDU]
187,7.691725,81.150.22.186,192.168.1.250,TCP,1506,80  >  4518 [ACK] Seq=28433 Ack=410 Win=488 Len=1452 [TCP segment of a reassembled PDU]
188,7.691749,192.168.1.250,81.150.22.186,TCP,54,4518  >  80 [ACK] Seq=410 Ack=29885 Win=1032 Len=0
189,7.694105,81.150.22.186,192.168.1.250,TCP,1506,80  >  4514 [ACK] Seq=100429 Ack=615 Win=756 Len=1452 [TCP segment of a reassembled PDU]
190,7.695174,81.150.22.186,192.168.1.250,TCP,1506,80  >  4514 [ACK] Seq=101881 Ack=615 Win=756 Len=1452 [TCP segment of a reassembled PDU]
191,7.695203,192.168.1.250,81.150.22.186,TCP,54,4514  >  80 [ACK] Seq=615 Ack=103333 Win=2064 Len=0
192,7.698541,81.150.22.186,192.168.1.250,TCP,1506,80  >  4514 [ACK] Seq=103333 Ack=615 Win=756 Len=1452 [TCP segment of a reassembled PDU]
193,7.699926,81.150.22.186,192.168.1.250,TCP,1506,80  >  4514 [ACK] Seq=104785 Ack=615 Win=756 Len=1452 [TCP segment of a reassembled PDU]
194,7.699962,192.168.1.250,81.150.22.186,TCP,54,4514  >  80 [ACK] Seq=615 Ack=106237 Win=2064 Len=0
195,7.701894,81.150.22.186,192.168.1.250,TCP,1506,80  >  4514 [ACK] Seq=106237 Ack=615 Win=756 Len=1452 [TCP segment of a reassembled PDU]
196,7.705472,81.150.22.186,192.168.1.250,TCP,1506,80  >  4514 [ACK] Seq=107689 Ack=615 Win=756 Len=1452 [TCP segment of a reassembled PDU]
197,7.705553,192.168.1.250,81.150.22.186,TCP,54,4514  >  80 [ACK] Seq=615 Ack=109141 Win=2064 Len=0
198,7.706321,81.150.22.186,192.168.1.250,TCP,1506,80  >  4518 [ACK] Seq=29885 Ack=410 Win=488 Len=1452 [TCP segment of a reassembled PDU]
199,7.707426,81.150.22.186,192.168.1.250,TCP,1506,80  >  4518 [ACK] Seq=31337 Ack=410 Win=488 Len=1452 [TCP segment of a reassembled PDU]
200,7.707444,192.168.1.250,81.150.22.186,TCP,54,4518  >  80 [ACK] Seq=410 Ack=32789 Win=1032 Len=0
201,7.711304,81.150.22.186,192.168.1.250,TCP,1506,80  >  4514 [ACK] Seq=109141 Ack=615 Win=756 Len=1452 [TCP segment of a reassembled PDU]
202,7.711304,81.150.22.186,192.168.1.250,TCP,1506,80  >  4514 [ACK] Seq=110593 Ack=615 Win=756 Len=1452 [TCP segment of a reassembled PDU]
203,7.711339,192.168.1.250,81.150.22.186,TCP,54,4514  >  80 [ACK] Seq=615 Ack=112045 Win=2064 Len=0
204,7.713408,81.150.22.186,192.168.1.250,TCP,1506,80  >  4514 [ACK] Seq=112045 Ack=615 Win=756 Len=1452 [TCP segment of a reassembled PDU]
205,7.716922,81.150.22.186,192.168.1.250,TCP,1506,80  >  4514 [ACK] Seq=113497 Ack=615 Win=756 Len=1452 [TCP segment of a reassembled PDU]
206,7.716922,81.150.22.186,192.168.1.250,TCP,1506,80  >  4514 [ACK] Seq=114949 Ack=615 Win=756 Len=1452 [TCP segment of a reassembled PDU]
207,7.716962,192.168.1.250,81.150.22.186,TCP,54,4514  >  80 [ACK] Seq=615 Ack=116401 Win=2064 Len=0
208,7.720683,81.150.22.186,192.168.1.250,TCP,1506,80  >  4514 [ACK] Seq=116401 Ack=615 Win=756 Len=1452 [TCP segment of a reassembled PDU]
209,7.720786,192.168.1.250,81.150.22.186,TCP,54,4514  >  80 [ACK] Seq=615 Ack=117853 Win=2064 Len=0
210,7.721735,81.150.22.186,192.168.1.250,TCP,1506,80  >  4518 [ACK] Seq=32789 Ack=410 Win=488 Len=1452 [TCP segment of a reassembled PDU]
211,7.725203,81.150.22.186,192.168.1.250,TCP,1506,80  >  4518 [ACK] Seq=34241 Ack=410 Win=488 Len=1452 [TCP segment of a reassembled PDU]
212,7.725203,81.150.22.186,192.168.1.250,TCP,1506,80  >  4514 [ACK] Seq=117853 Ack=615 Win=756 Len=1452 [TCP segment of a reassembled PDU]
213,7.725239,192.168.1.250,81.150.22.186,TCP,54,4518  >  80 [ACK] Seq=410 Ack=35693 Win=1032 Len=0
214,7.726523,81.150.22.186,192.168.1.250,TCP,1506,80  >  4514 [ACK] Seq=119305 Ack=615 Win=756 Len=1452 [TCP segment of a reassembled PDU]
215,7.726546,192.168.1.250,81.150.22.186,TCP,54,4514  >  80 [ACK] Seq=615 Ack=120757 Win=2064 Len=0
216,7.728653,81.150.22.186,192.168.1.250,TCP,1506,80  >  4514 [ACK] Seq=120757 Ack=615 Win=756 Len=1452 [TCP segment of a reassembled PDU]
217,7.731027,81.150.22.186,192.168.1.250,TCP,1506,80  >  4514 [ACK] Seq=122209 Ack=615 Win=756 Len=1452 [TCP segment of a reassembled PDU]
218,7.731059,192.168.1.250,81.150.22.186,TCP,54,4514  >  80 [ACK] Seq=615 Ack=123661 Win=2064 Len=0
219,7.732151,81.150.22.186,192.168.1.250,TCP,1506,80  >  4514 [ACK] Seq=123661 Ack=615 Win=756 Len=1452 [TCP segment of a reassembled PDU]
220,7.735439,81.150.22.186,192.168.1.250,TCP,1506,80  >  4514 [ACK] Seq=125113 Ack=615 Win=756 Len=1452 [TCP segment of a reassembled PDU]
221,7.735473,192.168.1.250,81.150.22.186,TCP,54,4514  >  80 [ACK] Seq=615 Ack=126565 Win=2064 Len=0
222,7.737636,81.150.22.186,192.168.1.250,TCP,1506,80  >  4518 [ACK] Seq=35693 Ack=410 Win=488 Len=1452 [TCP segment of a reassembled PDU]
223,7.739097,81.150.22.186,192.168.1.250,TCP,1506,80  >  4518 [ACK] Seq=37145 Ack=410 Win=488 Len=1452 [TCP segment of a reassembled PDU]
224,7.739122,192.168.1.250,81.150.22.186,TCP,54,4518  >  80 [ACK] Seq=410 Ack=38597 Win=1032 Len=0
225,7.741131,81.150.22.186,192.168.1.250,TCP,1506,80  >  4514 [ACK] Seq=126565 Ack=615 Win=756 Len=1452 [TCP segment of a reassembled PDU]
226,7.743161,81.150.22.186,192.168.1.250,TCP,1506,80  >  4514 [ACK] Seq=128017 Ack=615 Win=756 Len=1452 [TCP segment of a reassembled PDU]
227,7.743203,192.168.1.250,81.150.22.186,TCP,54,4514  >  80 [ACK] Seq=615 Ack=129469 Win=2064 Len=0
228,7.745024,81.150.22.186,192.168.1.250,TCP,1506,80  >  4514 [ACK] Seq=129469 Ack=615 Win=756 Len=1452 [TCP segment of a reassembled PDU]
229,7.746297,81.150.22.186,192.168.1.250,TCP,1506,80  >  4514 [ACK] Seq=130921 Ack=615 Win=756 Len=1452 [TCP segment of a reassembled PDU]
230,7.746341,192.168.1.250,81.150.22.186,TCP,54,4514  >  80 [ACK] Seq=615 Ack=132373 Win=2064 Len=0
231,7.749298,81.150.22.186,192.168.1.250,TCP,1506,80  >  4514 [ACK] Seq=132373 Ack=615 Win=756 Len=1452 [TCP segment of a reassembled PDU]
232,7.750393,81.150.22.186,192.168.1.250,TCP,1506,80  >  4514 [ACK] Seq=133825 Ack=615 Win=756 Len=1452 [TCP segment of a reassembled PDU]
233,7.750421,192.168.1.250,81.150.22.186,TCP,54,4514  >  80 [ACK] Seq=615 Ack=135277 Win=2064 Len=0
234,7.752627,81.150.22.186,192.168.1.250,TCP,1506,80  >  4518 [ACK] Seq=38597 Ack=410 Win=488 Len=1452 [TCP segment of a reassembled PDU]
235,7.75365,81.150.22.186,192.168.1.250,TCP,1506,80  >  4518 [ACK] Seq=40049 Ack=410 Win=488 Len=1452 [TCP segment of a reassembled PDU]
236,7.753693,192.168.1.250,81.150.22.186,TCP,54,4518  >  80 [ACK] Seq=410 Ack=41501 Win=1032 Len=0
237,7.75736,81.150.22.186,192.168.1.250,TCP,1506,80  >  4514 [ACK] Seq=135277 Ack=615 Win=756 Len=1452 [TCP segment of a reassembled PDU]
238,7.759558,81.150.22.186,192.168.1.250,TCP,1354,"80  >  4514 [PSH, ACK] Seq=136729 Ack=615 Win=756 Len=1300 [TCP segment of a reassembled PDU]"
239,7.759589,192.168.1.250,81.150.22.186,TCP,54,4514  >  80 [ACK] Seq=615 Ack=138029 Win=2064 Len=0
240,7.761864,81.150.22.186,192.168.1.250,TCP,1506,80  >  4514 [ACK] Seq=138029 Ack=615 Win=756 Len=1452 [TCP segment of a reassembled PDU]
241,7.762002,81.150.22.186,192.168.1.250,TCP,1506,80  >  4514 [ACK] Seq=139481 Ack=615 Win=756 Len=1452 [TCP segment of a reassembled PDU]
242,7.76202,192.168.1.250,81.150.22.186,TCP,54,4514  >  80 [ACK] Seq=615 Ack=140933 Win=2064 Len=0
243,7.764014,81.150.22.186,192.168.1.250,TCP,1506,80  >  4514 [ACK] Seq=140933 Ack=615 Win=756 Len=1452 [TCP segment of a reassembled PDU]
244,7.767939,81.150.22.186,192.168.1.250,TCP,1506,80  >  4514 [ACK] Seq=142385 Ack=615 Win=756 Len=1452 [TCP segment of a reassembled PDU]
245,7.76797,192.168.1.250,81.150.22.186,TCP,54,4514  >  80 [ACK] Seq=615 Ack=143837 Win=2064 Len=0
246,7.770132,81.150.22.186,192.168.1.250,TCP,1506,80  >  4518 [ACK] Seq=41501 Ack=410 Win=488 Len=1452 [TCP segment of a reassembled PDU]
247,7.770585,81.150.22.186,192.168.1.250,TCP,1506,80  >  4518 [ACK] Seq=42953 Ack=410 Win=488 Len=1452 [TCP segment of a reassembled PDU]
248,7.770603,192.168.1.250,81.150.22.186,TCP,54,4518  >  80 [ACK] Seq=410 Ack=44405 Win=1032 Len=0
249,7.774618,81.150.22.186,192.168.1.250,TCP,1506,80  >  4514 [ACK] Seq=143837 Ack=615 Win=756 Len=1452 [TCP segment of a reassembled PDU]
250,7.774618,81.150.22.186,192.168.1.250,TCP,1506,80  >  4514 [ACK] Seq=145289 Ack=615 Win=756 Len=1452 [TCP segment of a reassembled PDU]
251,7.774677,192.168.1.250,81.150.22.186,TCP,54,4514  >  80 [ACK] Seq=615 Ack=146741 Win=2064 Len=0
252,7.775869,81.150.22.186,192.168.1.250,TCP,1506,80  >  4514 [ACK] Seq=146741 Ack=615 Win=756 Len=1452 [TCP segment of a reassembled PDU]
253,7.777923,81.150.22.186,192.168.1.250,TCP,1506,80  >  4514 [ACK] Seq=148193 Ack=615 Win=756 Len=1452 [TCP segment of a reassembled PDU]
254,7.777947,192.168.1.250,81.150.22.186,TCP,54,4514  >  80 [ACK] Seq=615 Ack=149645 Win=2064 Len=0
255,7.779314,81.150.22.186,192.168.1.250,TCP,1506,80  >  4514 [ACK] Seq=149645 Ack=615 Win=756 Len=1452 [TCP segment of a reassembled PDU]
256,7.783329,81.150.22.186,192.168.1.250,TCP,1506,80  >  4514 [ACK] Seq=151097 Ack=615 Win=756 Len=1452 [TCP segment of a reassembled PDU]
257,7.783429,192.168.1.250,81.150.22.186,TCP,54,4514  >  80 [ACK] Seq=615 Ack=152549 Win=2064 Len=0
258,7.784253,81.150.22.186,192.168.1.250,TCP,1506,80  >  4518 [ACK] Seq=44405 Ack=410 Win=488 Len=1452 [TCP segment of a reassembled PDU]
259,7.78625,81.150.22.186,192.168.1.250,TCP,1506,80  >  4518 [ACK] Seq=45857 Ack=410 Win=488 Len=1452 [TCP segment of a reassembled PDU]
260,7.786278,192.168.1.250,81.150.22.186,TCP,54,4518  >  80 [ACK] Seq=410 Ack=47309 Win=1032 Len=0
261,7.787002,81.150.22.186,192.168.1.250,TCP,1506,80  >  4514 [ACK] Seq=152549 Ack=615 Win=756 Len=1452 [TCP segment of a reassembled PDU]
262,7.78919,81.150.22.186,192.168.1.250,TCP,1506,80  >  4514 [ACK] Seq=154001 Ack=615 Win=756 Len=1452 [TCP segment of a reassembled PDU]
263,7.78929,192.168.1.250,81.150.22.186,TCP,54,4514  >  80 [ACK] Seq=615 Ack=155453 Win=2064 Len=0
264,7.791196,81.150.22.186,192.168.1.250,TCP,1506,80  >  4514 [ACK] Seq=155453 Ack=615 Win=756 Len=1452 [TCP segment of a reassembled PDU]
265,7.792982,81.150.22.186,192.168.1.250,TCP,1506,80  >  4514 [ACK] Seq=156905 Ack=615 Win=756 Len=1452 [TCP segment of a reassembled PDU]
266,7.793018,192.168.1.250,81.150.22.186,TCP,54,4514  >  80 [ACK] Seq=615 Ack=158357 Win=2064 Len=0
267,7.796177,81.150.22.186,192.168.1.250,TCP,1506,80  >  4514 [ACK] Seq=158357 Ack=615 Win=756 Len=1452 [TCP segment of a reassembled PDU]
268,7.797888,81.150.22.186,192.168.1.250,TCP,1506,80  >  4514 [ACK] Seq=159809 Ack=615 Win=756 Len=1452 [TCP segment of a reassembled PDU]
269,7.797911,192.168.1.250,81.150.22.186,TCP,54,4514  >  80 [ACK] Seq=615 Ack=161261 Win=2064 Len=0
270,7.799918,81.150.22.186,192.168.1.250,TCP,1506,80  >  4518 [ACK] Seq=47309 Ack=410 Win=488 Len=1452 [TCP segment of a reassembled PDU]
271,7.801571,81.150.22.186,192.168.1.250,TCP,1506,80  >  4518 [ACK] Seq=48761 Ack=410 Win=488 Len=1452 [TCP segment of a reassembled PDU]
272,7.8016,192.168.1.250,81.150.22.186,TCP,54,4518  >  80 [ACK] Seq=410 Ack=50213 Win=1032 Len=0
273,7.802062,81.150.22.186,192.168.1.250,TCP,1506,80  >  4514 [ACK] Seq=161261 Ack=615 Win=756 Len=1452 [TCP segment of a reassembled PDU]
274,7.80548,81.150.22.186,192.168.1.250,TCP,1506,80  >  4514 [ACK] Seq=162713 Ack=615 Win=756 Len=1452 [TCP segment of a reassembled PDU]
275,7.805515,192.168.1.250,81.150.22.186,TCP,54,4514  >  80 [ACK] Seq=615 Ack=164165 Win=2064 Len=0
276,7.807501,81.150.22.186,192.168.1.250,TCP,1506,80  >  4514 [ACK] Seq=164165 Ack=615 Win=756 Len=1452 [TCP segment of a reassembled PDU]
277,7.809055,81.150.22.186,192.168.1.250,TCP,1506,80  >  4514 [ACK] Seq=165617 Ack=615 Win=756 Len=1452 [TCP segment of a reassembled PDU]
278,7.809083,192.168.1.250,81.150.22.186,TCP,54,4514  >  80 [ACK] Seq=615 Ack=167069 Win=2064 Len=0
279,7.812425,81.150.22.186,192.168.1.250,TCP,1506,80  >  4514 [ACK] Seq=167069 Ack=615 Win=756 Len=1452 [TCP segment of a reassembled PDU]
280,7.812425,81.150.22.186,192.168.1.250,TCP,1506,80  >  4514 [ACK] Seq=168521 Ack=615 Win=756 Len=1452 [TCP segment of a reassembled PDU]
281,7.812462,192.168.1.250,81.150.22.186,TCP,54,4514  >  80 [ACK] Seq=615 Ack=169973 Win=2064 Len=0
282,7.814499,81.150.22.186,192.168.1.250,TCP,1506,80  >  4518 [ACK] Seq=50213 Ack=410 Win=488 Len=1452 [TCP segment of a reassembled PDU]
283,7.815632,81.150.22.186,192.168.1.250,TCP,1506,80  >  4518 [ACK] Seq=51665 Ack=410 Win=488 Len=1452 [TCP segment of a reassembled PDU]
284,7.815659,192.168.1.250,81.150.22.186,TCP,54,4518  >  80 [ACK] Seq=410 Ack=53117 Win=1032 Len=0
285,7.819135,81.150.22.186,192.168.1.250,TCP,1506,80  >  4514 [ACK] Seq=169973 Ack=615 Win=756 Len=1452 [TCP segment of a reassembled PDU]
286,7.819135,81.150.22.186,192.168.1.250,TCP,1506,80  >  4514 [ACK] Seq=171425 Ack=615 Win=756 Len=1452 [TCP segment of a reassembled PDU]
287,7.819197,192.168.1.250,81.150.22.186,TCP,54,4514  >  80 [ACK] Seq=615 Ack=172877 Win=2064 Len=0
288,7.822127,81.150.22.186,192.168.1.250,TCP,1506,80  >  4514 [ACK] Seq=172877 Ack=615 Win=756 Len=1452 [TCP segment of a reassembled PDU]
289,7.825965,81.150.22.186,192.168.1.250,TCP,1506,80  >  4514 [ACK] Seq=174329 Ack=615 Win=756 Len=1452 [TCP segment of a reassembled PDU]
290,7.825998,192.168.1.250,81.150.22.186,TCP,54,4514  >  80 [ACK] Seq=615 Ack=175781 Win=2064 Len=0
291,7.826952,81.150.22.186,192.168.1.250,TCP,1506,80  >  4518 [ACK] Seq=53117 Ack=410 Win=488 Len=1452 [TCP segment of a reassembled PDU]
292,7.826952,81.150.22.186,192.168.1.250,TCP,1506,80  >  4518 [ACK] Seq=54569 Ack=410 Win=488 Len=1452 [TCP segment of a reassembled PDU]
293,7.827002,192.168.1.250,81.150.22.186,TCP,54,4518  >  80 [ACK] Seq=410 Ack=56021 Win=1032 Len=0
294,7.829038,81.150.22.186,192.168.1.250,TCP,1506,80  >  4514 [ACK] Seq=175781 Ack=615 Win=756 Len=1452 [TCP segment of a reassembled PDU]
295,7.832232,81.150.22.186,192.168.1.250,TCP,1506,80  >  4514 [ACK] Seq=177233 Ack=615 Win=756 Len=1452 [TCP segment of a reassembled PDU]
296,7.832263,192.168.1.250,81.150.22.186,TCP,54,4514  >  80 [ACK] Seq=615 Ack=178685 Win=2064 Len=0
297,7.834639,81.150.22.186,192.168.1.250,TCP,1506,80  >  4514 [ACK] Seq=178685 Ack=615 Win=756 Len=1452 [TCP segment of a reassembled PDU]
298,7.836271,81.150.22.186,192.168.1.250,TCP,1506,80  >  4514 [ACK] Seq=180137 Ack=615 Win=756 Len=1452 [TCP segment of a reassembled PDU]
299,7.836298,192.168.1.250,81.150.22.186,TCP,54,4514  >  80 [ACK] Seq=615 Ack=181589 Win=2064 Len=0
300,7.837808,81.150.22.186,192.168.1.250,TCP,1506,80  >  4514 [ACK] Seq=181589 Ack=615 Win=756 Len=1452 [TCP segment of a reassembled PDU]
301,7.839936,81.150.22.186,192.168.1.250,TCP,1506,80  >  4514 [ACK] Seq=183041 Ack=615 Win=756 Len=1452 [TCP segment of a reassembled PDU]
302,7.840011,192.168.1.250,81.150.22.186,TCP,54,4514  >  80 [ACK] Seq=615 Ack=184493 Win=2064 Len=0
303,7.842094,81.150.22.186,192.168.1.250,TCP,1506,80  >  4518 [ACK] Seq=56021 Ack=410 Win=488 Len=1452 [TCP segment of a reassembled PDU]
304,7.843056,81.150.22.186,192.168.1.250,TCP,1506,80  >  4518 [ACK] Seq=57473 Ack=410 Win=488 Len=1452 [TCP segment of a reassembled PDU]
305,7.843072,192.168.1.250,81.150.22.186,TCP,54,4518  >  80 [ACK] Seq=410 Ack=58925 Win=1032 Len=0
306,7.845483,81.150.22.186,192.168.1.250,TCP,1506,80  >  4514 [ACK] Seq=184493 Ack=615 Win=756 Len=1452 [TCP segment of a reassembled PDU]
307,7.846804,81.150.22.186,192.168.1.250,TCP,1506,80  >  4514 [ACK] Seq=185945 Ack=615 Win=756 Len=1452 [TCP segment of a reassembled PDU]
308,7.846834,192.168.1.250,81.150.22.186,TCP,54,4514  >  80 [ACK] Seq=615 Ack=187397 Win=2064 Len=0
309,7.849198,81.150.22.186,192.168.1.250,TCP,1506,80  >  4514 [ACK] Seq=187397 Ack=615 Win=756 Len=1452 [TCP segment of a reassembled PDU]
310,7.850631,81.150.22.186,192.168.1.250,TCP,1506,80  >  4514 [ACK] Seq=188849 Ack=615 Win=756 Len=1452 [TCP segment of a reassembled PDU]
311,7.850648,192.168.1.250,81.150.22.186,TCP,54,4514  >  80 [ACK] Seq=615 Ack=190301 Win=2064 Len=0
312,7.852883,81.150.22.186,192.168.1.250,TCP,1506,80  >  4514 [ACK] Seq=190301 Ack=615 Win=756 Len=1452 [TCP segment of a reassembled PDU]
313,7.856169,81.150.22.186,192.168.1.250,TCP,1506,80  >  4514 [ACK] Seq=191753 Ack=615 Win=756 Len=1452 [TCP segment of a reassembled PDU]
314,7.856205,192.168.1.250,81.150.22.186,TCP,54,4514  >  80 [ACK] Seq=615 Ack=193205 Win=2064 Len=0
315,7.856345,81.150.22.186,192.168.1.250,TCP,1506,80  >  4518 [ACK] Seq=58925 Ack=410 Win=488 Len=1452 [TCP segment of a reassembled PDU]
316,7.859744,81.150.22.186,192.168.1.250,TCP,1506,80  >  4518 [ACK] Seq=60377 Ack=410 Win=488 Len=1452 [TCP segment of a reassembled PDU]
317,7.85977,192.168.1.250,81.150.22.186,TCP,54,4518  >  80 [ACK] Seq=410 Ack=61829 Win=1032 Len=0
318,7.860303,81.150.22.186,192.168.1.250,TCP,1506,80  >  4514 [ACK] Seq=193205 Ack=615 Win=756 Len=1452 [TCP segment of a reassembled PDU]
319,7.863074,81.150.22.186,192.168.1.250,TCP,1506,80  >  4514 [ACK] Seq=194657 Ack=615 Win=756 Len=1452 [TCP segment of a reassembled PDU]
320,7.86318,192.168.1.250,81.150.22.186,TCP,54,4514  >  80 [ACK] Seq=615 Ack=196109 Win=2064 Len=0
321,7.863531,81.150.22.186,192.168.1.250,TCP,1506,80  >  4514 [ACK] Seq=196109 Ack=615 Win=756 Len=1452 [TCP segment of a reassembled PDU]
322,7.865771,81.150.22.186,192.168.1.250,TCP,1506,80  >  4514 [ACK] Seq=197561 Ack=615 Win=756 Len=1452 [TCP segment of a reassembled PDU]
323,7.865802,192.168.1.250,81.150.22.186,TCP,54,4514  >  80 [ACK] Seq=615 Ack=199013 Win=2064 Len=0
324,7.867762,81.150.22.186,192.168.1.250,TCP,1506,80  >  4518 [ACK] Seq=61829 Ack=410 Win=488 Len=1452 [TCP segment of a reassembled PDU]
325,7.868962,81.150.22.186,192.168.1.250,TCP,1506,80  >  4518 [ACK] Seq=63281 Ack=410 Win=488 Len=1452 [TCP segment of a reassembled PDU]
326,7.868993,192.168.1.250,81.150.22.186,TCP,54,4518  >  80 [ACK] Seq=410 Ack=64733 Win=1032 Len=0
327,7.869951,192.168.1.250,239.255.255.250,SSDP,143,M-SEARCH * HTTP/1.1 
328,7.873841,192.168.1.250,192.168.1.254,TCP,66,4594  >  59437 [SYN] Seq=0 Win=64240 Len=0 MSS=1460 WS=256 SACK_PERM=1
329,7.873981,192.168.1.250,192.168.1.254,TCP,66,4593  >  49152 [SYN] Seq=0 Win=64240 Len=0 MSS=1460 WS=256 SACK_PERM=1
330,7.874245,81.150.22.186,192.168.1.250,TCP,1506,80  >  4514 [ACK] Seq=199013 Ack=615 Win=756 Len=1452 [TCP segment of a reassembled PDU]
331,7.874245,81.150.22.186,192.168.1.250,TCP,1506,80  >  4514 [ACK] Seq=200465 Ack=615 Win=756 Len=1452 [TCP segment of a reassembled PDU]
332,7.874372,192.168.1.250,81.150.22.186,TCP,54,4514  >  80 [ACK] Seq=615 Ack=201917 Win=2064 Len=0
333,7.875242,81.150.22.186,192.168.1.250,TCP,1506,80  >  4514 [ACK] Seq=201917 Ack=615 Win=756 Len=1452 [TCP segment of a reassembled PDU]
334,7.876154,192.168.1.254,192.168.1.250,TCP,66,"59437  >  4594 [SYN, ACK] Seq=0 Ack=1 Win=14600 Len=0 MSS=1460 SACK_PERM=1 WS=32"
335,7.876221,192.168.1.250,192.168.1.254,TCP,54,4594  >  59437 [ACK] Seq=1 Ack=1 Win=131328 Len=0
336,7.876292,192.168.1.250,192.168.1.254,HTTP,262,GET /03100218/rootDesc.xml HTTP/1.1 
337,7.877389,192.168.1.254,192.168.1.250,TCP,66,"49152  >  4593 [SYN, ACK] Seq=0 Ack=1 Win=14600 Len=0 MSS=1460 SACK_PERM=1 WS=32"
338,7.877389,81.150.22.186,192.168.1.250,TCP,1506,80  >  4514 [ACK] Seq=203369 Ack=615 Win=756 Len=1452 [TCP segment of a reassembled PDU]
339,7.877471,192.168.1.250,192.168.1.254,TCP,54,4593  >  49152 [ACK] Seq=1 Ack=1 Win=131328 Len=0
340,7.877506,192.168.1.250,81.150.22.186,TCP,54,4514  >  80 [ACK] Seq=615 Ack=204821 Win=2064 Len=0
341,7.877532,192.168.1.250,192.168.1.254,HTTP,255,GET /wps_device.xml HTTP/1.1 
342,7.878472,192.168.1.254,192.168.1.250,TCP,54,59437  >  4594 [ACK] Seq=1 Ack=209 Win=15680 Len=0
343,7.878472,81.150.22.186,192.168.1.250,TCP,1506,80  >  4518 [ACK] Seq=64733 Ack=410 Win=488 Len=1452 [TCP segment of a reassembled PDU]
344,7.879642,192.168.1.254,192.168.1.250,TCP,54,49152  >  4593 [ACK] Seq=1 Ack=202 Win=15680 Len=0
345,7.881673,192.168.1.254,192.168.1.250,TCP,1514,59437  >  4594 [ACK] Seq=1 Ack=209 Win=15680 Len=1460 [TCP segment of a reassembled PDU]
346,7.881673,192.168.1.254,192.168.1.250,HTTP/XML,1444,HTTP/1.1 200 OK 
347,7.881673,192.168.1.254,192.168.1.250,TCP,54,"59437  >  4594 [FIN, ACK] Seq=2851 Ack=209 Win=15680 Len=0"
348,7.881673,192.168.1.254,192.168.1.250,HTTP/XML,1170,HTTP/1.1 200 OK 
349,7.881673,192.168.1.254,192.168.1.250,TCP,54,"49152  >  4593 [FIN, ACK] Seq=1117 Ack=202 Win=15680 Len=0"
350,7.881733,192.168.1.250,192.168.1.254,TCP,54,4594  >  59437 [ACK] Seq=209 Ack=2852 Win=131328 Len=0
351,7.881744,192.168.1.250,192.168.1.254,TCP,54,"4594  >  59437 [FIN, ACK] Seq=209 Ack=2852 Win=131328 Len=0"
352,7.881757,192.168.1.250,192.168.1.254,TCP,54,"4593  >  49152 [FIN, ACK] Seq=202 Ack=1118 Win=130048 Len=0"
353,7.883906,81.150.22.186,192.168.1.250,TCP,1506,80  >  4518 [ACK] Seq=66185 Ack=410 Win=488 Len=1452 [TCP segment of a reassembled PDU]
354,7.883937,192.168.1.250,81.150.22.186,TCP,54,4518  >  80 [ACK] Seq=410 Ack=67637 Win=1032 Len=0
355,7.884041,81.150.22.186,192.168.1.250,TCP,1506,80  >  4514 [ACK] Seq=204821 Ack=615 Win=756 Len=1452 [TCP segment of a reassembled PDU]
356,7.884041,192.168.1.254,192.168.1.250,TCP,54,59437  >  4594 [ACK] Seq=2852 Ack=210 Win=15680 Len=0
357,7.884595,192.168.1.254,192.168.1.250,TCP,54,49152  >  4593 [ACK] Seq=1118 Ack=203 Win=15680 Len=0
358,7.887223,81.150.22.186,192.168.1.250,TCP,1506,80  >  4514 [ACK] Seq=206273 Ack=615 Win=756 Len=1452 [TCP segment of a reassembled PDU]
359,7.887223,81.150.22.186,192.168.1.250,TCP,1506,80  >  4514 [ACK] Seq=207725 Ack=615 Win=756 Len=1452 [TCP segment of a reassembled PDU]
360,7.887258,192.168.1.250,81.150.22.186,TCP,54,4514  >  80 [ACK] Seq=615 Ack=209177 Win=2064 Len=0
361,7.890712,81.150.22.186,192.168.1.250,TCP,1506,80  >  4514 [ACK] Seq=209177 Ack=615 Win=756 Len=1452 [TCP segment of a reassembled PDU]
362,7.890741,192.168.1.250,81.150.22.186,TCP,54,4514  >  80 [ACK] Seq=615 Ack=210629 Win=2064 Len=0
363,7.890884,81.150.22.186,192.168.1.250,TCP,1506,80  >  4514 [ACK] Seq=210629 Ack=615 Win=756 Len=1452 [TCP segment of a reassembled PDU]
364,7.893474,81.150.22.186,192.168.1.250,TCP,1506,80  >  4514 [ACK] Seq=212081 Ack=615 Win=756 Len=1452 [TCP segment of a reassembled PDU]
365,7.893495,192.168.1.250,81.150.22.186,TCP,54,4514  >  80 [ACK] Seq=615 Ack=213533 Win=2064 Len=0
366,7.895401,81.150.22.186,192.168.1.250,TCP,1506,80  >  4518 [ACK] Seq=67637 Ack=410 Win=488 Len=1452 [TCP segment of a reassembled PDU]
367,7.899583,81.150.22.186,192.168.1.250,TCP,1506,80  >  4518 [ACK] Seq=69089 Ack=410 Win=488 Len=1452 [TCP segment of a reassembled PDU]
368,7.899628,192.168.1.250,81.150.22.186,TCP,54,4518  >  80 [ACK] Seq=410 Ack=70541 Win=1032 Len=0
369,7.899768,81.150.22.186,192.168.1.250,TCP,1506,80  >  4514 [ACK] Seq=213533 Ack=615 Win=756 Len=1452 [TCP segment of a reassembled PDU]
370,7.904573,81.150.22.186,192.168.1.250,TCP,1506,80  >  4514 [ACK] Seq=214985 Ack=615 Win=756 Len=1452 [TCP segment of a reassembled PDU]
371,7.904573,81.150.22.186,192.168.1.250,TCP,1506,80  >  4518 [ACK] Seq=70541 Ack=410 Win=488 Len=1452 [TCP segment of a reassembled PDU]
372,7.904663,192.168.1.250,81.150.22.186,TCP,54,4514  >  80 [ACK] Seq=615 Ack=216437 Win=2064 Len=0
373,7.904964,81.150.22.186,192.168.1.250,TCP,1506,80  >  4518 [ACK] Seq=71993 Ack=410 Win=488 Len=1452 [TCP segment of a reassembled PDU]
374,7.90499,192.168.1.250,81.150.22.186,TCP,54,4518  >  80 [ACK] Seq=410 Ack=73445 Win=1032 Len=0
375,7.907679,81.150.22.186,192.168.1.250,TCP,1506,80  >  4514 [ACK] Seq=216437 Ack=615 Win=756 Len=1452 [TCP segment of a reassembled PDU]
376,7.909241,81.150.22.186,192.168.1.250,TCP,1506,80  >  4514 [ACK] Seq=217889 Ack=615 Win=756 Len=1452 [TCP segment of a reassembled PDU]
377,7.909277,192.168.1.250,81.150.22.186,TCP,54,4514  >  80 [ACK] Seq=615 Ack=219341 Win=2064 Len=0
378,7.910253,81.150.22.186,192.168.1.250,TCP,1506,80  >  4514 [ACK] Seq=219341 Ack=615 Win=756 Len=1452 [TCP segment of a reassembled PDU]
379,7.923471,81.150.22.186,192.168.1.250,TCP,1506,80  >  4514 [ACK] Seq=220793 Ack=615 Win=756 Len=1452 [TCP segment of a reassembled PDU]
380,7.923615,192.168.1.250,81.150.22.186,TCP,54,4514  >  80 [ACK] Seq=615 Ack=222245 Win=2064 Len=0
381,7.923858,81.150.22.186,192.168.1.250,TCP,1506,80  >  4518 [ACK] Seq=73445 Ack=410 Win=488 Len=1452 [TCP segment of a reassembled PDU]
382,7.924068,81.150.22.186,192.168.1.250,TCP,1506,80  >  4518 [ACK] Seq=74897 Ack=410 Win=488 Len=1452 [TCP segment of a reassembled PDU]
383,7.924136,192.168.1.250,81.150.22.186,TCP,54,4518  >  80 [ACK] Seq=410 Ack=76349 Win=1032 Len=0
384,7.924341,81.150.22.186,192.168.1.250,TCP,1506,80  >  4514 [ACK] Seq=222245 Ack=615 Win=756 Len=1452 [TCP segment of a reassembled PDU]
385,7.925018,81.150.22.186,192.168.1.250,TCP,1506,80  >  4514 [ACK] Seq=223697 Ack=615 Win=756 Len=1452 [TCP segment of a reassembled PDU]
386,7.925018,81.150.22.186,192.168.1.250,TCP,1506,80  >  4518 [ACK] Seq=76349 Ack=410 Win=488 Len=1452 [TCP segment of a reassembled PDU]
387,7.925018,81.150.22.186,192.168.1.250,TCP,1506,80  >  4518 [ACK] Seq=77801 Ack=410 Win=488 Len=1452 [TCP segment of a reassembled PDU]
388,7.925117,192.168.1.250,81.150.22.186,TCP,54,4514  >  80 [ACK] Seq=615 Ack=225149 Win=2064 Len=0
389,7.92517,192.168.1.250,81.150.22.186,TCP,54,4518  >  80 [ACK] Seq=410 Ack=79253 Win=1032 Len=0
390,7.929214,81.150.22.186,192.168.1.250,TCP,1506,80  >  4514 [ACK] Seq=225149 Ack=615 Win=756 Len=1452 [TCP segment of a reassembled PDU]
391,7.929214,81.150.22.186,192.168.1.250,TCP,1506,80  >  4514 [ACK] Seq=226601 Ack=615 Win=756 Len=1452 [TCP segment of a reassembled PDU]
392,7.929241,192.168.1.250,81.150.22.186,TCP,54,4514  >  80 [ACK] Seq=615 Ack=228053 Win=2064 Len=0
393,7.929441,81.150.22.186,192.168.1.250,TCP,1506,80  >  4514 [ACK] Seq=228053 Ack=615 Win=756 Len=1452 [TCP segment of a reassembled PDU]
394,7.93113,81.150.22.186,192.168.1.250,TCP,1506,80  >  4514 [ACK] Seq=229505 Ack=615 Win=756 Len=1452 [TCP segment of a reassembled PDU]
395,7.931146,192.168.1.250,81.150.22.186,TCP,54,4514  >  80 [ACK] Seq=615 Ack=230957 Win=2064 Len=0
396,7.934406,81.150.22.186,192.168.1.250,TCP,1506,80  >  4518 [ACK] Seq=79253 Ack=410 Win=488 Len=1452 [TCP segment of a reassembled PDU]
397,7.935587,81.150.22.186,192.168.1.250,TCP,1506,80  >  4518 [ACK] Seq=80705 Ack=410 Win=488 Len=1452 [TCP segment of a reassembled PDU]
398,7.93562,192.168.1.250,81.150.22.186,TCP,54,4518  >  80 [ACK] Seq=410 Ack=82157 Win=1032 Len=0
399,7.937693,81.150.22.186,192.168.1.250,TCP,1506,80  >  4514 [ACK] Seq=230957 Ack=615 Win=756 Len=1452 [TCP segment of a reassembled PDU]
400,7.939935,81.150.22.186,192.168.1.250,TCP,1506,80  >  4514 [ACK] Seq=232409 Ack=615 Win=756 Len=1452 [TCP segment of a reassembled PDU]
401,7.93996,192.168.1.250,81.150.22.186,TCP,54,4514  >  80 [ACK] Seq=615 Ack=233861 Win=2064 Len=0
402,7.942403,81.150.22.186,192.168.1.250,TCP,1506,80  >  4514 [ACK] Seq=233861 Ack=615 Win=756 Len=1452 [TCP segment of a reassembled PDU]
403,7.942403,81.150.22.186,192.168.1.250,TCP,1506,80  >  4514 [ACK] Seq=235313 Ack=615 Win=756 Len=1452 [TCP segment of a reassembled PDU]
404,7.942516,192.168.1.250,81.150.22.186,TCP,54,4514  >  80 [ACK] Seq=615 Ack=236765 Win=2064 Len=0
405,7.945712,81.150.22.186,192.168.1.250,TCP,1506,80  >  4514 [ACK] Seq=236765 Ack=615 Win=756 Len=1452 [TCP segment of a reassembled PDU]
406,7.949508,81.150.22.186,192.168.1.250,TCP,1506,80  >  4514 [ACK] Seq=238217 Ack=615 Win=756 Len=1452 [TCP segment of a reassembled PDU]
407,7.949537,192.168.1.250,81.150.22.186,TCP,54,4514  >  80 [ACK] Seq=615 Ack=239669 Win=2064 Len=0
408,7.951956,81.150.22.186,192.168.1.250,TCP,1506,80  >  4518 [ACK] Seq=82157 Ack=410 Win=488 Len=1452 [TCP segment of a reassembled PDU]
409,7.952088,81.150.22.186,192.168.1.250,TCP,1506,80  >  4518 [ACK] Seq=83609 Ack=410 Win=488 Len=1452 [TCP segment of a reassembled PDU]
410,7.952099,192.168.1.250,81.150.22.186,TCP,54,4518  >  80 [ACK] Seq=410 Ack=85061 Win=1032 Len=0
411,7.955018,81.150.22.186,192.168.1.250,TCP,1506,80  >  4514 [ACK] Seq=239669 Ack=615 Win=756 Len=1452 [TCP segment of a reassembled PDU]
412,7.9751,81.150.22.186,192.168.1.250,TCP,1506,80  >  4514 [ACK] Seq=241121 Ack=615 Win=756 Len=1452 [TCP segment of a reassembled PDU]
413,7.9751,81.150.22.186,192.168.1.250,TCP,1506,80  >  4514 [ACK] Seq=242573 Ack=615 Win=756 Len=1452 [TCP segment of a reassembled PDU]
414,7.975136,192.168.1.250,81.150.22.186,TCP,54,4514  >  80 [ACK] Seq=615 Ack=244025 Win=2064 Len=0
415,7.975289,81.150.22.186,192.168.1.250,TCP,1506,80  >  4514 [ACK] Seq=244025 Ack=615 Win=756 Len=1452 [TCP segment of a reassembled PDU]
416,7.97531,192.168.1.250,81.150.22.186,TCP,54,4514  >  80 [ACK] Seq=615 Ack=245477 Win=2064 Len=0
417,7.975928,81.150.22.186,192.168.1.250,TCP,1506,80  >  4518 [ACK] Seq=85061 Ack=410 Win=488 Len=1452 [TCP segment of a reassembled PDU]
418,7.975928,81.150.22.186,192.168.1.250,TCP,1506,80  >  4518 [ACK] Seq=86513 Ack=410 Win=488 Len=1452 [TCP segment of a reassembled PDU]
419,7.975928,81.150.22.186,192.168.1.250,TCP,1506,80  >  4514 [ACK] Seq=245477 Ack=615 Win=756 Len=1452 [TCP segment of a reassembled PDU]
420,7.97597,192.168.1.250,81.150.22.186,TCP,54,4518  >  80 [ACK] Seq=410 Ack=87965 Win=1032 Len=0
421,7.979926,81.150.22.186,192.168.1.250,TCP,1506,80  >  4514 [ACK] Seq=246929 Ack=615 Win=756 Len=1452 [TCP segment of a reassembled PDU]
422,7.979957,192.168.1.250,81.150.22.186,TCP,54,4514  >  80 [ACK] Seq=615 Ack=248381 Win=2064 Len=0
423,7.98009,81.150.22.186,192.168.1.250,TCP,1506,80  >  4518 [ACK] Seq=87965 Ack=410 Win=488 Len=1452 [TCP segment of a reassembled PDU]
424,7.98009,81.150.22.186,192.168.1.250,TCP,1506,80  >  4518 [ACK] Seq=89417 Ack=410 Win=488 Len=1452 [TCP segment of a reassembled PDU]
425,7.980115,192.168.1.250,81.150.22.186,TCP,54,4518  >  80 [ACK] Seq=410 Ack=90869 Win=1032 Len=0
426,7.986393,81.150.22.186,192.168.1.250,TCP,1506,80  >  4514 [ACK] Seq=248381 Ack=615 Win=756 Len=1452 [TCP segment of a reassembled PDU]
427,7.986393,81.150.22.186,192.168.1.250,TCP,1506,80  >  4514 [ACK] Seq=249833 Ack=615 Win=756 Len=1452 [TCP segment of a reassembled PDU]
428,7.986461,192.168.1.250,81.150.22.186,TCP,54,4514  >  80 [ACK] Seq=615 Ack=251285 Win=2064 Len=0
429,7.991624,81.150.22.186,192.168.1.250,TCP,1506,80  >  4514 [ACK] Seq=251285 Ack=615 Win=756 Len=1452 [TCP segment of a reassembled PDU]
430,7.991624,81.150.22.186,192.168.1.250,TCP,1506,80  >  4514 [ACK] Seq=252737 Ack=615 Win=756 Len=1452 [TCP segment of a reassembled PDU]
431,7.991686,192.168.1.250,81.150.22.186,TCP,54,4514  >  80 [ACK] Seq=615 Ack=254189 Win=2064 Len=0
432,8.002516,81.150.22.186,192.168.1.250,TCP,1506,80  >  4514 [ACK] Seq=254189 Ack=615 Win=756 Len=1452 [TCP segment of a reassembled PDU]
433,8.002516,81.150.22.186,192.168.1.250,TCP,1506,80  >  4514 [ACK] Seq=255641 Ack=615 Win=756 Len=1452 [TCP segment of a reassembled PDU]
434,8.002561,192.168.1.250,81.150.22.186,TCP,54,4514  >  80 [ACK] Seq=615 Ack=257093 Win=2064 Len=0
435,8.009985,81.150.22.186,192.168.1.250,TCP,1506,80  >  4518 [ACK] Seq=90869 Ack=410 Win=488 Len=1452 [TCP segment of a reassembled PDU]
436,8.009985,81.150.22.186,192.168.1.250,TCP,1506,80  >  4518 [ACK] Seq=92321 Ack=410 Win=488 Len=1452 [TCP segment of a reassembled PDU]
437,8.010024,192.168.1.250,81.150.22.186,TCP,54,4518  >  80 [ACK] Seq=410 Ack=93773 Win=1032 Len=0
438,8.011576,81.150.22.186,192.168.1.250,TCP,1506,80  >  4514 [ACK] Seq=257093 Ack=615 Win=756 Len=1452 [TCP segment of a reassembled PDU]
439,8.013164,81.150.22.186,192.168.1.250,TCP,1506,80  >  4514 [ACK] Seq=258545 Ack=615 Win=756 Len=1452 [TCP segment of a reassembled PDU]
440,8.013195,192.168.1.250,81.150.22.186,TCP,54,4514  >  80 [ACK] Seq=615 Ack=259997 Win=2064 Len=0
441,8.014391,81.150.22.186,192.168.1.250,TCP,1506,80  >  4514 [ACK] Seq=259997 Ack=615 Win=756 Len=1452 [TCP segment of a reassembled PDU]
442,8.016354,81.150.22.186,192.168.1.250,TCP,1506,80  >  4514 [ACK] Seq=261449 Ack=615 Win=756 Len=1452 [TCP segment of a reassembled PDU]
443,8.01638,192.168.1.250,81.150.22.186,TCP,54,4514  >  80 [ACK] Seq=615 Ack=262901 Win=2064 Len=0
444,8.018323,81.150.22.186,192.168.1.250,TCP,1506,80  >  4518 [ACK] Seq=93773 Ack=410 Win=488 Len=1452 [TCP segment of a reassembled PDU]
445,8.02093,81.150.22.186,192.168.1.250,TCP,1506,80  >  4518 [ACK] Seq=95225 Ack=410 Win=488 Len=1452 [TCP segment of a reassembled PDU]
446,8.020957,192.168.1.250,81.150.22.186,TCP,54,4518  >  80 [ACK] Seq=410 Ack=96677 Win=1032 Len=0
447,8.022906,81.150.22.186,192.168.1.250,TCP,1506,80  >  4514 [ACK] Seq=262901 Ack=615 Win=756 Len=1452 [TCP segment of a reassembled PDU]
448,8.024546,81.150.22.186,192.168.1.250,TCP,1506,80  >  4514 [ACK] Seq=264353 Ack=615 Win=756 Len=1452 [TCP segment of a reassembled PDU]
449,8.024622,192.168.1.250,81.150.22.186,TCP,54,4514  >  80 [ACK] Seq=615 Ack=265805 Win=2064 Len=0
450,8.025462,81.150.22.186,192.168.1.250,TCP,1506,80  >  4514 [ACK] Seq=265805 Ack=615 Win=756 Len=1452 [TCP segment of a reassembled PDU]
451,8.0276,81.150.22.186,192.168.1.250,TCP,1506,80  >  4514 [ACK] Seq=267257 Ack=615 Win=756 Len=1452 [TCP segment of a reassembled PDU]
452,8.02763,192.168.1.250,81.150.22.186,TCP,54,4514  >  80 [ACK] Seq=615 Ack=268709 Win=2064 Len=0
453,8.029747,81.150.22.186,192.168.1.250,TCP,1506,80  >  4518 [ACK] Seq=96677 Ack=410 Win=488 Len=1452 [TCP segment of a reassembled PDU]
454,8.034554,81.150.22.186,192.168.1.250,TCP,1506,80  >  4518 [ACK] Seq=98129 Ack=410 Win=488 Len=1452 [TCP segment of a reassembled PDU]
455,8.034602,192.168.1.250,81.150.22.186,TCP,54,4518  >  80 [ACK] Seq=410 Ack=99581 Win=1032 Len=0
456,8.034754,81.150.22.186,192.168.1.250,TCP,1506,80  >  4518 [ACK] Seq=99581 Ack=410 Win=488 Len=1452 [TCP segment of a reassembled PDU]
457,8.035655,81.150.22.186,192.168.1.250,TCP,1506,80  >  4518 [ACK] Seq=101033 Ack=410 Win=488 Len=1452 [TCP segment of a reassembled PDU]
458,8.035681,192.168.1.250,81.150.22.186,TCP,54,4518  >  80 [ACK] Seq=410 Ack=102485 Win=1032 Len=0
459,8.037784,81.150.22.186,192.168.1.250,TCP,1506,80  >  4518 [ACK] Seq=102485 Ack=410 Win=488 Len=1452 [TCP segment of a reassembled PDU]
460,8.039271,81.150.22.186,192.168.1.250,TCP,1506,80  >  4518 [ACK] Seq=103937 Ack=410 Win=488 Len=1452 [TCP segment of a reassembled PDU]
461,8.039326,192.168.1.250,81.150.22.186,TCP,54,4518  >  80 [ACK] Seq=410 Ack=105389 Win=1032 Len=0
462,8.041243,81.150.22.186,192.168.1.250,TCP,1506,80  >  4514 [ACK] Seq=268709 Ack=615 Win=756 Len=1452 [TCP segment of a reassembled PDU]
463,8.043098,81.150.22.186,192.168.1.250,TCP,1506,80  >  4514 [ACK] Seq=270161 Ack=615 Win=756 Len=1452 [TCP segment of a reassembled PDU]
464,8.043119,192.168.1.250,81.150.22.186,TCP,54,4514  >  80 [ACK] Seq=615 Ack=271613 Win=2064 Len=0
465,8.044965,81.150.22.186,192.168.1.250,TCP,1506,80  >  4514 [ACK] Seq=271613 Ack=615 Win=756 Len=1452 [TCP segment of a reassembled PDU]
466,8.0471,81.150.22.186,192.168.1.250,TCP,1506,80  >  4514 [ACK] Seq=273065 Ack=615 Win=756 Len=1452 [TCP segment of a reassembled PDU]
467,8.047119,192.168.1.250,81.150.22.186,TCP,54,4514  >  80 [ACK] Seq=615 Ack=274517 Win=2064 Len=0
468,8.049198,81.150.22.186,192.168.1.250,TCP,1506,80  >  4514 [ACK] Seq=274517 Ack=615 Win=756 Len=1452 [TCP segment of a reassembled PDU]
469,8.050292,81.150.22.186,192.168.1.250,TCP,1506,80  >  4514 [ACK] Seq=275969 Ack=615 Win=756 Len=1452 [TCP segment of a reassembled PDU]
470,8.050317,192.168.1.250,81.150.22.186,TCP,54,4514  >  80 [ACK] Seq=615 Ack=277421 Win=2064 Len=0
471,8.053738,81.150.22.186,192.168.1.250,TCP,1506,80  >  4514 [ACK] Seq=277421 Ack=615 Win=756 Len=1452 [TCP segment of a reassembled PDU]
472,8.055686,81.150.22.186,192.168.1.250,TCP,1506,80  >  4514 [ACK] Seq=278873 Ack=615 Win=756 Len=1452 [TCP segment of a reassembled PDU]
473,8.05572,192.168.1.250,81.150.22.186,TCP,54,4514  >  80 [ACK] Seq=615 Ack=280325 Win=2064 Len=0
474,8.057542,81.150.22.186,192.168.1.250,TCP,1506,80  >  4518 [ACK] Seq=105389 Ack=410 Win=488 Len=1452 [TCP segment of a reassembled PDU]
475,8.065721,81.150.22.186,192.168.1.250,TCP,1506,80  >  4518 [ACK] Seq=106841 Ack=410 Win=488 Len=1452 [TCP segment of a reassembled PDU]
476,8.065769,192.168.1.250,81.150.22.186,TCP,54,4518  >  80 [ACK] Seq=410 Ack=108293 Win=1032 Len=0
477,8.066441,81.150.22.186,192.168.1.250,TCP,1506,80  >  4514 [ACK] Seq=280325 Ack=615 Win=756 Len=1452 [TCP segment of a reassembled PDU]
478,8.066573,81.150.22.186,192.168.1.250,TCP,1506,80  >  4514 [ACK] Seq=281777 Ack=615 Win=756 Len=1452 [TCP segment of a reassembled PDU]
479,8.066573,81.150.22.186,192.168.1.250,TCP,1506,80  >  4514 [ACK] Seq=283229 Ack=615 Win=756 Len=1452 [TCP segment of a reassembled PDU]
480,8.0666,192.168.1.250,81.150.22.186,TCP,54,4514  >  80 [ACK] Seq=615 Ack=284681 Win=2064 Len=0
481,8.06776,81.150.22.186,192.168.1.250,TCP,1506,80  >  4514 [ACK] Seq=284681 Ack=615 Win=756 Len=1452 [TCP segment of a reassembled PDU]
482,8.067786,192.168.1.250,81.150.22.186,TCP,54,4514  >  80 [ACK] Seq=615 Ack=286133 Win=2064 Len=0
483,8.068911,81.150.22.186,192.168.1.250,TCP,1506,80  >  4518 [ACK] Seq=108293 Ack=410 Win=488 Len=1452 [TCP segment of a reassembled PDU]
484,8.073104,81.150.22.186,192.168.1.250,TCP,1506,80  >  4518 [ACK] Seq=109745 Ack=410 Win=488 Len=1452 [TCP segment of a reassembled PDU]
485,8.073104,81.150.22.186,192.168.1.250,TCP,1506,80  >  4518 [ACK] Seq=111197 Ack=410 Win=488 Len=1452 [TCP segment of a reassembled PDU]
486,8.073203,192.168.1.250,81.150.22.186,TCP,54,4518  >  80 [ACK] Seq=410 Ack=112649 Win=1032 Len=0
487,8.076992,81.150.22.186,192.168.1.250,TCP,1506,80  >  4518 [ACK] Seq=112649 Ack=410 Win=488 Len=1452 [TCP segment of a reassembled PDU]
488,8.076992,81.150.22.186,192.168.1.250,TCP,1506,80  >  4518 [ACK] Seq=114101 Ack=410 Win=488 Len=1452 [TCP segment of a reassembled PDU]
489,8.077043,192.168.1.250,81.150.22.186,TCP,54,4518  >  80 [ACK] Seq=410 Ack=115553 Win=1032 Len=0
490,8.078183,81.150.22.186,192.168.1.250,TCP,1506,80  >  4518 [ACK] Seq=115553 Ack=410 Win=488 Len=1452 [TCP segment of a reassembled PDU]
491,8.078205,192.168.1.250,81.150.22.186,TCP,54,4518  >  80 [ACK] Seq=410 Ack=117005 Win=1032 Len=0
492,8.082968,81.150.22.186,192.168.1.250,TCP,1506,80  >  4518 [ACK] Seq=117005 Ack=410 Win=488 Len=1452 [TCP segment of a reassembled PDU]
493,8.082968,81.150.22.186,192.168.1.250,TCP,1506,80  >  4518 [ACK] Seq=118457 Ack=410 Win=488 Len=1452 [TCP segment of a reassembled PDU]
494,8.08301,192.168.1.250,81.150.22.186,TCP,54,4518  >  80 [ACK] Seq=410 Ack=119909 Win=1032 Len=0
495,8.088539,81.150.22.186,192.168.1.250,TCP,1506,80  >  4514 [ACK] Seq=286133 Ack=615 Win=756 Len=1452 [TCP segment of a reassembled PDU]
496,8.088539,81.150.22.186,192.168.1.250,TCP,1506,80  >  4514 [ACK] Seq=287585 Ack=615 Win=756 Len=1452 [TCP segment of a reassembled PDU]
497,8.088589,192.168.1.250,81.150.22.186,TCP,54,4514  >  80 [ACK] Seq=615 Ack=289037 Win=2064 Len=0
498,8.09035,81.150.22.186,192.168.1.250,TCP,1506,80  >  4514 [ACK] Seq=289037 Ack=615 Win=756 Len=1452 [TCP segment of a reassembled PDU]
499,8.09035,81.150.22.186,192.168.1.250,TCP,1506,80  >  4514 [ACK] Seq=290489 Ack=615 Win=756 Len=1452 [TCP segment of a reassembled PDU]
500,8.090383,192.168.1.250,81.150.22.186,TCP,54,4514  >  80 [ACK] Seq=615 Ack=291941 Win=2064 Len=0
501,8.094817,81.150.22.186,192.168.1.250,TCP,1506,80  >  4514 [ACK] Seq=291941 Ack=615 Win=756 Len=1452 [TCP segment of a reassembled PDU]
502,8.096975,81.150.22.186,192.168.1.250,TCP,1506,80  >  4514 [ACK] Seq=293393 Ack=615 Win=756 Len=1452 [TCP segment of a reassembled PDU]
503,8.096997,192.168.1.250,81.150.22.186,TCP,54,4514  >  80 [ACK] Seq=615 Ack=294845 Win=2064 Len=0
504,8.097133,81.150.22.186,192.168.1.250,TCP,1506,80  >  4518 [ACK] Seq=119909 Ack=410 Win=488 Len=1452 [TCP segment of a reassembled PDU]
505,8.100204,81.150.22.186,192.168.1.250,TCP,1506,80  >  4518 [ACK] Seq=121361 Ack=410 Win=488 Len=1452 [TCP segment of a reassembled PDU]
506,8.100238,192.168.1.250,81.150.22.186,TCP,54,4518  >  80 [ACK] Seq=410 Ack=122813 Win=1032 Len=0
507,8.100387,81.150.22.186,192.168.1.250,TCP,1506,80  >  4514 [ACK] Seq=294845 Ack=615 Win=756 Len=1452 [TCP segment of a reassembled PDU]
508,8.103339,81.150.22.186,192.168.1.250,TCP,1506,80  >  4514 [ACK] Seq=296297 Ack=615 Win=756 Len=1452 [TCP segment of a reassembled PDU]
